{"loss": 91174.8515625, "_timestamp": 1682707655.142097, "_runtime": 702.1801929473877, "_step": 851}